empId,firstName,lastName,address_1,address_2,State,Zip,departmentName,startDate,endDate
2,Georgi,Facello,1607 23rd Street NW,Washington,DC,20008,Human Resources,,
3,Bezalel,Simmel,664 Dickens Road,Lilburn,GA,30047,Sales,,
4,Parto,Bamford,9520 Faires Farm Road,Charlotte,NC,28213,Finance,,
5,Chirstian,Koblick,526 Superior Avenue Suite 1255,Cleveland,OH,44114,Enginering,,
6,Kyoichi,Maliniak,2312 Dorrington Dr.,Dallas,TX,75228,Marketing,,
7,Anneke,Preusig,2026 Scott Street,Hollywood,FL,33020,Sales,,
8,Tzvetan,Zielinski,318 Canino Road,Houston,TX,77076,Finance,,
9,Saniya,Kalloufi,7280 N. Caldwell Avenue,Niles,IL,60714,Human Resources,,
10,Sumant,Peac,4761 Industrial Pkwy,Indianapolis,IN,46226,Enginering,,
